dataset,size,implementation,dims,k,resolution,tables,time,purity,classpurity,clusters,ari,ri
Human_M1_10xV3-D1,42797,scanpy,10,10,0.05,20,97.1826109,0.9385704605463,0.9979671472299461,13,0.8870688496098649,0.9723774688952919
Human_M1_10xV3-D1,42797,scanpy,10,10,0.08,20,50.599570916,0.950417085309718,0.9979671472299461,14,0.8124692259508389,0.9583131404036964
Human_M1_10xV3-D1,42797,scanpy,10,10,0.1,20,51.521405626,0.950417085309718,0.9979671472299461,14,0.8124692259508389,0.9583131404036964
Human_M1_10xV3-D1,42797,scanpy,10,10,0.2,20,52.715175337,0.9522162768418347,0.9979671472299461,15,0.8152026892503897,0.9590060751550592
Human_M1_10xV3-D1,42797,scanpy,10,10,0.3,20,52.576675397,0.9516087576231979,0.9985279342009954,17,0.72778235751577,0.9432805438966203
Human_M1_10xV3-D1,42797,scanpy,10,10,0.5,20,54.209155189,0.9560716872677991,0.9990887211720447,20,0.6764525152319233,0.9348384511648985
Human_M1_10xV3-D1,42797,scanpy,10,10,0.8,20,47.525438908,0.9548332827067317,0.9974063602588966,25,0.5005464107644395,0.9101094374323857
Human_M1_10xV3-D1,42797,scanpy,10,20,0.05,20,55.852129576,0.9497628338434937,0.9983176390868519,13,0.9241098313568632,0.9815836070124343
Human_M1_10xV3-D1,42797,scanpy,10,20,0.08,20,53.818036298,0.9497628338434937,0.9983176390868519,13,0.9241098313568632,0.9815836070124343
Human_M1_10xV3-D1,42797,scanpy,10,20,0.1,20,54.547907178,0.9497628338434937,0.9983176390868519,14,0.8068229732179432,0.9573526134131514
Human_M1_10xV3-D1,42797,scanpy,10,20,0.2,20,54.068185334,0.951678855994579,0.9983176390868519,15,0.8063712837705541,0.9573314301513758
Human_M1_10xV3-D1,42797,scanpy,10,20,0.3,20,54.721896101,0.9497628338434937,0.9983176390868519,17,0.6323241255718338,0.9275789771653699
Human_M1_10xV3-D1,42797,scanpy,10,20,0.5,20,52.346802729,0.9485945276538075,0.9983176390868519,18,0.5904293329607674,0.9211493740166515
Human_M1_10xV3-D1,42797,scanpy,10,20,0.8,20,54.084116862,0.9423791387246769,0.9973128957637217,22,0.5617144962036862,0.9180468096600207
Human_M1_10xV3-D1,42797,scanpy,10,30,0.05,20,59.45846192,0.8353856578732154,0.9983176390868519,11,0.8547872658254198,0.9625243999257167
Human_M1_10xV3-D1,42797,scanpy,10,30,0.08,20,59.540992772,0.9514685608804355,0.9983176390868519,13,0.9298244744714399,0.9829883240381376
Human_M1_10xV3-D1,42797,scanpy,10,30,0.1,20,58.539948748,0.9514685608804355,0.9983176390868519,13,0.9298244744714399,0.9829883240381376
Human_M1_10xV3-D1,42797,scanpy,10,30,0.2,20,59.072829577,0.9514685608804355,0.9983176390868519,14,0.8417929872407597,0.9640242740109412
Human_M1_10xV3-D1,42797,scanpy,10,30,0.3,20,59.376190821,0.9514685608804355,0.9983176390868519,16,0.7384576962792422,0.9446404647499528
Human_M1_10xV3-D1,42797,scanpy,10,30,0.5,20,57.456498793,0.9391078813935556,0.9983176390868519,19,0.5583724232878395,0.9165431038275119
Human_M1_10xV3-D1,42797,scanpy,10,30,0.8,20,58.777322399,0.9449727784657803,0.9983176390868519,21,0.548298760129342,0.9154993976731319
Human_M1_10xV3-D1,42797,scanpy,20,10,0.05,40,108.729802125,0.9045026520550505,0.9979204149823586,13,0.8580588193031276,0.9649219446215528
Human_M1_10xV3-D1,42797,scanpy,20,10,0.08,40,45.61361555,0.8329322148748745,0.9909806762156226,10,0.8404016190156439,0.9588928633478604
Human_M1_10xV3-D1,42797,scanpy,20,10,0.1,40,49.350446441,0.9108816038507372,0.9824520410309134,12,0.8709014683613583,0.9678327829328834
Human_M1_10xV3-D1,42797,scanpy,20,10,0.2,40,92.763114465,0.9460709862840854,0.9951164801271117,19,0.6163462796809405,0.92482819756641
Human_M1_10xV3-D1,42797,scanpy,20,10,0.3,40,46.717723743,0.9320045797602635,0.9905834521111293,18,0.7168185969352247,0.9410453860081139
Human_M1_10xV3-D1,42797,scanpy,20,10,0.5,40,47.138558238,0.9254153328504334,0.988153375236582,18,0.6409535120769964,0.928000357985003
Human_M1_10xV3-D1,42797,scanpy,20,10,0.8,40,47.576061197,0.9256957263359581,0.9885038670934878,20,0.5778367033041555,0.9185807623883322
Human_M1_10xV3-D1,42797,scanpy,20,20,0.05,40,52.704803393,0.7448185620487418,0.9980138794775335,10,0.6700994930800931,0.9080715015094082
Human_M1_10xV3-D1,42797,scanpy,20,20,0.08,40,54.245951922,0.7925321868355258,0.9785732644811552,9,0.8053441191409239,0.9484961328824887
Human_M1_10xV3-D1,42797,scanpy,20,20,0.1,40,52.479273663,0.8001495431922798,0.9881767413603757,10,0.8034900131716373,0.9480699593758131
Human_M1_10xV3-D1,42797,scanpy,20,20,0.2,40,54.37556926,0.9468654344930719,0.9938079771946632,17,0.7007412289420055,0.9386567431087619
Human_M1_10xV3-D1,42797,scanpy,20,20,0.3,40,54.67746537,0.9429165595719327,0.9882468397317569,15,0.7936468431088485,0.9546665116117569
Human_M1_10xV3-D1,42797,scanpy,20,20,0.5,40,53.339829957,0.9189896488071594,0.9887141622076314,18,0.5758710643047654,0.9175825687432334
Human_M1_10xV3-D1,42797,scanpy,20,20,0.8,40,53.932287314,0.9275650162394561,0.9881300091127883,20,0.5782705125106465,0.9186432616917873
Human_M1_10xV3-D1,42797,scanpy,20,30,0.05,40,60.539510691,0.7431595672593874,0.9660022898801318,8,0.7323107244984384,0.9267976108408139
Human_M1_10xV3-D1,42797,scanpy,20,30,0.08,40,58.810783769,0.8006635979157417,0.9882468397317569,10,0.8038375894918355,0.9481729710258776
Human_M1_10xV3-D1,42797,scanpy,20,30,0.1,40,62.377627171,0.7913638806458396,0.9882702058555506,9,0.7989103844915089,0.9466103508503967
Human_M1_10xV3-D1,42797,scanpy,20,30,0.2,40,62.088528135,0.9491786807486506,0.9896020749117929,16,0.7348305895251995,0.9447003149172118
Human_M1_10xV3-D1,42797,scanpy,20,30,0.3,40,59.908764654,0.9201345888730519,0.9882468397317569,15,0.7113849189453176,0.9372798431050944
Human_M1_10xV3-D1,42797,scanpy,20,30,0.5,40,57.756301488,0.9196672663971773,0.988316938103138,16,0.6856480415354099,0.9345663567045552
Human_M1_10xV3-D1,42797,scanpy,20,30,0.8,40,58.41891268,0.9280323387153305,0.9886907960838377,20,0.5825483331649722,0.9192611950950499
Human_M1_10xV3-D1,42797,scanpy,50,10,0.05,100,49.267514767,0.8725611608290301,0.9875458560179452,14,0.85581084905139,0.9632603913300931
Human_M1_10xV3-D1,42797,scanpy,50,10,0.08,100,48.605532243,0.8351286305114844,0.9856298338668599,12,0.7997924163122779,0.9472626389419793
Human_M1_10xV3-D1,42797,scanpy,50,10,0.1,100,49.91062965,0.8128840806598593,0.988153375236582,12,0.7996303296137496,0.9468982625975495
Human_M1_10xV3-D1,42797,scanpy,50,10,0.2,100,48.837249716,0.9627777647965979,0.9956772670981611,18,0.7337061695185905,0.944620238060027
Human_M1_10xV3-D1,42797,scanpy,50,10,0.3,100,49.775536492,0.9432436853050448,0.988316938103138,19,0.6962277783364256,0.9378706758232316
Human_M1_10xV3-D1,42797,scanpy,50,10,0.5,100,48.287417998,0.9532443862887585,0.9910040423394163,20,0.6231066920996925,0.9266650459252875
Human_M1_10xV3-D1,42797,scanpy,50,10,0.8,100,51.711406448,0.9568427693529921,0.9919386872911653,24,0.5579042016408826,0.9178434529677197
Human_M1_10xV3-D1,42797,scanpy,50,20,0.05,100,54.216459966,0.8149402995537071,0.9961212234502418,14,0.7071573128607352,0.9218336144471597
Human_M1_10xV3-D1,42797,scanpy,50,20,0.08,100,54.960269998,0.8042619809799753,0.9810734397270837,11,0.8024402915841388,0.9478128861510482
Human_M1_10xV3-D1,42797,scanpy,50,20,0.1,100,54.394776767,0.7860130382970769,0.9882468397317569,10,0.8019797703391423,0.9471207321632388
Human_M1_10xV3-D1,42797,scanpy,50,20,0.2,100,54.961350936,0.9513984625090544,0.9926163048811832,18,0.7433118514845173,0.9457411666437202
Human_M1_10xV3-D1,42797,scanpy,50,20,0.3,100,55.16588611,0.9529639928032339,0.9884571348459004,17,0.7191839869604951,0.9422084255927409
Human_M1_10xV3-D1,42797,scanpy,50,20,0.5,100,54.852920388,0.9535247797742833,0.9885505993410754,19,0.6355061017907951,0.928741942495561
Human_M1_10xV3-D1,42797,scanpy,50,20,0.8,100,56.485371923,0.9556510970395121,0.9884571348459004,24,0.5616224108186184,0.9183379307275694
Human_M1_10xV3-D1,42797,scanpy,50,30,0.05,100,62.455677796,0.7326214454284179,0.9755824006355586,10,0.6420151257308039,0.8996907975405349
Human_M1_10xV3-D1,42797,scanpy,50,30,0.08,100,60.449563943,0.7485805079795312,0.9799051335373975,9,0.7853630598400259,0.9417052720756456
Human_M1_10xV3-D1,42797,scanpy,50,30,0.1,100,62.42462175,0.8279318643830175,0.9777788162721686,10,0.8196668225322833,0.9527660534088177
Human_M1_10xV3-D1,42797,scanpy,50,30,0.2,100,63.17788223,0.8976797439072832,0.9870785335420708,16,0.7173729996038393,0.9392021277442608
Human_M1_10xV3-D1,42797,scanpy,50,30,0.3,100,61.781246444,0.9546697198401757,0.9887141622076314,16,0.8243667454914283,0.960996990548522
Human_M1_10xV3-D1,42797,scanpy,50,30,0.5,100,67.07588157,0.9458840572937356,0.9886206977124565,17,0.7332271946233953,0.9441519764839347
Human_M1_10xV3-D1,42797,scanpy,50,30,0.8,100,109.738934955,0.9735729139892983,0.99780358436339,28,0.49207132679965226,0.9094158671504105
Human_M1_10xV3-D1,42797,seurat,10,10,0.05,20,126.146410533,0.9504871836810992,0.9985279342009954,14,0.9245021126031822,0.9816788033831273
Human_M1_10xV3-D1,42797,seurat,10,10,0.08,20,124.399020847,0.9492487791200318,0.9990887211720447,16,0.8182399102870149,0.9594031300031178
Human_M1_10xV3-D1,42797,seurat,10,10,0.1,20,132.085582502,0.953034091174615,0.9990887211720447,16,0.8282384963928235,0.9616404882252743
Human_M1_10xV3-D1,42797,seurat,10,10,0.2,20,129.181476891,0.9529639928032339,0.997289529639928,24,0.5840235327752491,0.9206300526881304
Human_M1_10xV3-D1,42797,seurat,10,10,0.3,20,128.604073205,0.9438512045236815,0.997289529639928,24,0.5491919155153786,0.9157455565878063
Human_M1_10xV3-D1,42797,seurat,10,10,0.5,20,131.602294004,0.9473794892165339,0.9990887211720447,30,0.5418471639122955,0.9151509729286825
Human_M1_10xV3-D1,42797,seurat,10,10,0.8,20,130.438836424,0.9604411524172255,0.9990887211720447,34,0.4580743337016115,0.9049183229269636
Human_M1_10xV3-D1,42797,seurat,10,20,0.05,20,133.255805657,0.9526835993177092,0.9990186228006636,13,0.9297687246493141,0.9829692111647493
Human_M1_10xV3-D1,42797,seurat,10,20,0.08,20,133.799443719,0.9520527139752787,0.9983410052106456,15,0.8098649693314731,0.9580845382951889
Human_M1_10xV3-D1,42797,seurat,10,20,0.1,20,136.590688434,0.9518424188611351,0.9990186228006636,15,0.8098960795705826,0.9581252450137038
Human_M1_10xV3-D1,42797,seurat,10,20,0.2,20,136.457626237,0.9575671191905974,0.9964717153071477,18,0.7187352114287718,0.941854361879076
Human_M1_10xV3-D1,42797,seurat,10,20,0.3,20,137.496775252,0.9619599504638175,0.9973128957637217,20,0.6446211555320817,0.9301108612393533
Human_M1_10xV3-D1,42797,seurat,10,20,0.5,20,136.121149869,0.9587587915040774,0.997289529639928,23,0.5430204189436596,0.9149496899006998
Human_M1_10xV3-D1,42797,seurat,10,20,0.8,20,136.407038083,0.961749655349674,0.997289529639928,29,0.4985177150583623,0.9097865387422311
Human_M1_10xV3-D1,42797,seurat,10,30,0.05,20,143.337171824,0.8694534663644647,0.9989718905530761,12,0.8673018136071975,0.9661769166576271
Human_M1_10xV3-D1,42797,seurat,10,30,0.08,20,140.911618493,0.9513750963852606,0.9971726990209594,14,0.9244679046981762,0.9817591095554816
Human_M1_10xV3-D1,42797,seurat,10,30,0.1,20,143.387205253,0.9533144846601397,0.9971726990209594,15,0.8273579220987353,0.961505190091323
Human_M1_10xV3-D1,42797,seurat,10,30,0.2,20,141.682178089,0.936537607776246,0.9971726990209594,16,0.712081312984948,0.9400228554716706
Human_M1_10xV3-D1,42797,seurat,10,30,0.3,20,142.383453317,0.9571465289623104,0.9971726990209594,19,0.6351215878415253,0.9283678672114388
Human_M1_10xV3-D1,42797,seurat,10,30,0.5,20,145.326291141,0.9595999719606515,0.9971726990209594,21,0.582029054255325,0.9205799495075515
Human_M1_10xV3-D1,42797,seurat,10,30,0.8,20,145.727907417,0.9570764305909293,0.9955370703553987,26,0.5067341845254008,0.9103355563852008
Human_M1_10xV3-D1,42797,seurat,20,10,0.05,40,127.475715144,0.9601607589317008,0.9974297263826903,15,0.932682533153856,0.9838072838547883
Human_M1_10xV3-D1,42797,seurat,20,10,0.08,40,133.257673967,0.897025492441059,0.9985045680772017,17,0.7037562649965977,0.9360421625247765
Human_M1_10xV3-D1,42797,seurat,20,10,0.1,40,131.134316308,0.8932635465102694,0.9945556931560623,16,0.702370060134616,0.9357735547469864
Human_M1_10xV3-D1,42797,seurat,20,10,0.2,40,130.159813429,0.9641797322242214,0.9974297263826903,24,0.6328155519382946,0.9283029699264971
Human_M1_10xV3-D1,42797,seurat,20,10,0.3,40,133.755026177,0.9699044325536836,0.9983410052106456,28,0.5773148215181373,0.920333885594876
Human_M1_10xV3-D1,42797,seurat,20,10,0.5,40,154.901198198,0.9713063999813071,0.9983643713344393,31,0.5090379975011388,0.9116415914496349
Human_M1_10xV3-D1,42797,seurat,20,10,0.8,40,152.019199031,0.9712830338575134,0.9994392130289507,38,0.43514212912942224,0.9023608341763414
Human_M1_10xV3-D1,42797,seurat,20,20,0.05,40,140.241325884,0.8612753230366614,0.9981774423440896,13,0.8384236906336895,0.9588539977025634
Human_M1_10xV3-D1,42797,seurat,20,20,0.08,40,140.395661086,0.8841040259831296,0.9953267752412552,15,0.700316547076353,0.9352262525998798
Human_M1_10xV3-D1,42797,seurat,20,20,0.1,40,139.765049829,0.8892679393415426,0.9955604364791925,16,0.6936375028003935,0.9339102652570901
Human_M1_10xV3-D1,42797,seurat,20,20,0.2,40,140.041840954,0.9554408019253686,0.9955604364791925,18,0.7233204355815142,0.9427774930253627
Human_M1_10xV3-D1,42797,seurat,20,20,0.3,40,138.17820828,0.9568895016005795,0.9972194312685468,22,0.5807609169876609,0.9202334138833077
Human_M1_10xV3-D1,42797,seurat,20,20,0.5,40,159.698796096,0.9666799074701498,0.9980839778489147,27,0.5580274840284313,0.9179907999758621
Human_M1_10xV3-D1,42797,seurat,20,20,0.8,40,142.609692076,0.9644367595859523,0.9978503166109775,33,0.4745009429815493,0.9070112595473542
Human_M1_10xV3-D1,42797,seurat,20,30,0.05,40,144.302343738,0.8023459588288899,0.9942285674229502,13,0.6953013391625041,0.9185103156762888
Human_M1_10xV3-D1,42797,seurat,20,30,0.08,40,152.875157115,0.8840806598593359,0.9954669719840176,15,0.690812971928746,0.9332832793645178
Human_M1_10xV3-D1,42797,seurat,20,30,0.1,40,150.266915514,0.8860901465055961,0.9968222071640536,16,0.6903229895194343,0.9332757873103376
Human_M1_10xV3-D1,42797,seurat,20,30,0.2,40,147.792621503,0.9542023973643012,0.9968455732878473,18,0.710208551933458,0.9403991245375808
Human_M1_10xV3-D1,42797,seurat,20,30,0.3,40,147.90726273,0.9620300488351987,0.9968455732878473,21,0.5880298720920981,0.9218682454056603
Human_M1_10xV3-D1,42797,seurat,20,30,0.5,40,172.648601892,0.9640161693576652,0.9967988410402598,23,0.5692424112957333,0.9196453340391815
Human_M1_10xV3-D1,42797,seurat,20,30,0.8,40,150.219390581,0.9651844755473514,0.9967988410402598,29,0.5264883603898738,0.9137603030950758
Human_M1_10xV3-D1,42797,seurat,50,10,0.05,100,139.902283371,0.9073533191578849,0.9984578358296142,18,0.7696837004633288,0.9418187612450016
Human_M1_10xV3-D1,42797,seurat,50,10,0.08,100,144.02787037,0.9704418534009394,0.998481201953408,19,0.8662111200736463,0.9697950219184135
Human_M1_10xV3-D1,42797,seurat,50,10,0.1,100,145.161553034,0.9640395354814589,0.9984578358296142,21,0.7082374776132695,0.9401256552781976
Human_M1_10xV3-D1,42797,seurat,50,10,0.2,100,144.520222896,0.970208192163002,0.9984578358296142,24,0.6143808074604074,0.9260761296267811
Human_M1_10xV3-D1,42797,seurat,50,10,0.3,100,150.327660937,0.9696707713157464,0.9983176390868519,28,0.5538822340780343,0.9174337650377763
Human_M1_10xV3-D1,42797,seurat,50,10,0.5,100,162.361318584,0.9723578755520247,0.9984578358296142,35,0.4689748184509394,0.9066035994186952
Human_M1_10xV3-D1,42797,seurat,50,10,0.8,100,147.421198825,0.9619833165876113,0.9974764586302778,41,0.39454513160258375,0.8972929874942885
Human_M1_10xV3-D1,42797,seurat,50,20,0.05,100,149.986490053,0.831950837675538,0.9977334859920088,16,0.7236249359919416,0.9267828549556459
Human_M1_10xV3-D1,42797,seurat,50,20,0.08,100,154.99309068,0.9703717550295582,0.9977334859920088,18,0.8673419762233627,0.9700415848645768
Human_M1_10xV3-D1,42797,seurat,50,20,0.1,100,151.773923422,0.9170268944084866,0.9977334859920088,19,0.7246105098085961,0.9407308627815306
Human_M1_10xV3-D1,42797,seurat,50,20,0.2,100,150.088590793,0.967848213659836,0.9979905133537398,22,0.7234050738517621,0.9433902581014958
Human_M1_10xV3-D1,42797,seurat,50,20,0.3,100,152.347654339,0.9677547491646611,0.9979905133537398,25,0.6252539756907229,0.9277565206134256
Human_M1_10xV3-D1,42797,seurat,50,20,0.5,100,179.069235819,0.9701147276678271,0.9975231908778652,30,0.5290106809232823,0.9141434538000246
Human_M1_10xV3-D1,42797,seurat,50,20,0.8,100,152.608045161,0.9747412201789845,0.9977334859920088,37,0.46639313096455126,0.9064104887465623
Human_M1_10xV3-D1,42797,seurat,50,30,0.05,100,162.252835407,0.8211089562352502,0.9971960651447531,15,0.7149312579268533,0.924096096876076
Human_M1_10xV3-D1,42797,seurat,50,30,0.08,100,167.320047687,0.9513283641376732,0.9971726990209594,17,0.8352709538531354,0.9617608240904051
Human_M1_10xV3-D1,42797,seurat,50,30,0.1,100,165.7933891,0.9503703530621305,0.9971726990209594,18,0.8375762471884018,0.9622363069103823
Human_M1_10xV3-D1,42797,seurat,50,30,0.2,100,161.004886193,0.9713063999813071,0.9979671472299461,22,0.7217196232811808,0.9431659278070027
Human_M1_10xV3-D1,42797,seurat,50,30,0.3,100,168.826936836,0.9733626188751549,0.9979671472299461,24,0.6156669848382101,0.9265722125928172
Human_M1_10xV3-D1,42797,seurat,50,30,0.5,100,180.869196058,0.9720774820665,0.9979671472299461,28,0.5268130458197604,0.9139251872537989
Human_M1_10xV3-D1,42797,seurat,50,30,0.8,100,159.983719187,0.9750917120358904,0.9979905133537398,35,0.4802601241415312,0.907952652916948
Human_M1_10xV3-D1,42797,severo,10,10,0.05,20,74.649076956,0.9468888006168656,0.9980138794775335,13,0.9147201824890441,0.9792445715361043
Human_M1_10xV3-D1,42797,severo,10,10,0.08,20,42.716865737,0.9495992709769376,0.9990887211720447,15,0.8068966482272956,0.9574918819754658
Human_M1_10xV3-D1,42797,severo,10,10,0.1,20,41.965085826,0.9381732364418067,0.9985513003247891,15,0.7809093394673835,0.9521382168661644
Human_M1_10xV3-D1,42797,severo,10,10,0.2,20,41.206219571,0.9360469191765778,0.9962380540692105,19,0.6308161920391926,0.9266828440583706
Human_M1_10xV3-D1,42797,severo,10,10,0.3,20,41.384336027,0.9561417856391803,0.9987615954389326,23,0.5809204031536201,0.9202339424001745
Human_M1_10xV3-D1,42797,severo,10,10,0.5,20,41.841279497,0.9596700703320327,0.9989952566768698,28,0.5189941192790297,0.9125301724437189
Human_M1_10xV3-D1,42797,severo,10,10,0.8,20,42.276565745,0.960651447531369,0.9991354534196322,36,0.4125037269142563,0.8993152044083863
Human_M1_10xV3-D1,42797,severo,10,20,0.05,20,49.516737489,0.8700843517068954,0.9989952566768698,12,0.8675639336985527,0.9661670397256842
Human_M1_10xV3-D1,42797,severo,10,20,0.08,20,51.270584585,0.9510246045283548,0.9989952566768698,15,0.7995286717974573,0.9560916082041656
Human_M1_10xV3-D1,42797,severo,10,20,0.1,20,50.200593156,0.9520527139752787,0.9989952566768698,15,0.811005585378271,0.9583514436808397
Human_M1_10xV3-D1,42797,severo,10,20,0.2,20,47.352465505,0.954646353716382,0.9953735074888427,17,0.7267679564545189,0.9433637154166162
Human_M1_10xV3-D1,42797,severo,10,20,0.3,20,50.366184363,0.9584783980185527,0.9972427973923406,21,0.5905530327393429,0.921715022469294
Human_M1_10xV3-D1,42797,severo,10,20,0.5,20,48.193219633,0.9462579152744351,0.9972194312685468,24,0.5481401812759007,0.9158737885386063
Human_M1_10xV3-D1,42797,severo,10,20,0.8,20,48.358442514,0.9629179615393603,0.9971493328971657,28,0.5091629478721044,0.9114363445451511
Human_M1_10xV3-D1,42797,severo,10,30,0.05,20,56.513269494,0.8668831927471552,0.9971726990209594,12,0.8546678307112524,0.9629293901706166
Human_M1_10xV3-D1,42797,severo,10,30,0.08,20,56.899276047,0.9541790312405075,0.9989485244292824,13,0.9338011182610262,0.9839554520296329
Human_M1_10xV3-D1,42797,severo,10,30,0.1,20,55.389377074,0.9529406266794401,0.9971493328971657,14,0.8174766120763458,0.9595281406217752
Human_M1_10xV3-D1,42797,severo,10,30,0.2,20,54.141247835,0.938406897679744,0.9971493328971657,15,0.767337115557252,0.9495316786927659
Human_M1_10xV3-D1,42797,severo,10,30,0.3,20,56.156548031,0.9563754468771175,0.997125966773372,19,0.6394112826816203,0.9287619748135811
Human_M1_10xV3-D1,42797,severo,10,30,0.5,20,55.213230585,0.959553239713064,0.9970792345257845,21,0.5825624870129205,0.9206668872562119
Human_M1_10xV3-D1,42797,severo,10,30,0.8,20,55.677991308,0.946771969997897,0.9957006332219548,25,0.527595225141315,0.9134698950885065
Human_M1_10xV3-D1,42797,severo,20,10,0.05,40,75.527788738,0.9398322312311611,0.9955838026029862,15,0.8823223346184583,0.9715182063916152
Human_M1_10xV3-D1,42797,severo,20,10,0.08,40,42.446138798,0.8971423230600276,0.9992756501623946,16,0.7061057977070044,0.9365124464422683
Human_M1_10xV3-D1,42797,severo,20,10,0.1,40,43.105021397,0.8904829777788162,0.9966352781737038,17,0.693756275700136,0.9338694580766913
Human_M1_10xV3-D1,42797,severo,20,10,0.2,40,77.534895502,0.9542023973643012,0.9956305348505736,22,0.6167079930370919,0.9254597337271311
Human_M1_10xV3-D1,42797,severo,20,10,0.3,40,43.612717321,0.9666331752225623,0.9974764586302778,24,0.5798137800623521,0.9211572187794019
Human_M1_10xV3-D1,42797,severo,20,10,0.5,40,42.92014103,0.9706054162674954,0.9976867537444213,29,0.5356714952540623,0.9151666242349885
Human_M1_10xV3-D1,42797,severo,20,10,0.8,40,43.272946,0.9728251980278991,0.9974998247540715,36,0.4455286947666707,0.9036084582991991
Human_M1_10xV3-D1,42797,severo,20,20,0.05,40,49.70078976,0.8584480220576208,0.9951865784984929,13,0.8370466307793281,0.9586222605280958
Human_M1_10xV3-D1,42797,severo,20,20,0.08,40,48.65175674,0.8895249667032736,0.9940182723088067,16,0.7003750122223596,0.9353831773382678
Human_M1_10xV3-D1,42797,severo,20,20,0.1,40,50.101975759,0.8880996331518565,0.9978970488585649,16,0.7021557416330839,0.9356560307226243
Human_M1_10xV3-D1,42797,severo,20,20,0.2,40,48.807843113,0.9658387270135758,0.9965184475547352,20,0.6453468285777262,0.9304324779485128
Human_M1_10xV3-D1,42797,severo,20,20,0.3,40,50.690148571,0.9708390775054326,0.9964950814309415,24,0.6025669098025632,0.9241808550386493
Human_M1_10xV3-D1,42797,severo,20,20,0.5,40,48.966267612,0.9672874266887866,0.9962380540692105,24,0.5751725185829467,0.9205519359296561
Human_M1_10xV3-D1,42797,severo,20,20,0.8,40,50.019261795,0.9601841250554946,0.9955604364791925,30,0.48283727444604846,0.9080090961159748
Human_M1_10xV3-D1,42797,severo,20,30,0.05,40,56.001153133,0.8049863308175806,0.9966820104212912,14,0.695667762657994,0.9186256393670008
Human_M1_10xV3-D1,42797,severo,20,30,0.08,40,55.015722599,0.8863004416197398,0.9967988410402598,16,0.6901891204731527,0.9332342113781326
Human_M1_10xV3-D1,42797,severo,20,30,0.1,40,57.736317841,0.8860901465055961,0.996705376545085,16,0.6903581699963581,0.9332728040291802
Human_M1_10xV3-D1,42797,severo,20,30,0.2,40,56.290163302,0.9560249550202117,0.9966586442974975,18,0.7205310376295622,0.9421535057016258
Human_M1_10xV3-D1,42797,severo,20,30,0.3,40,55.911776789,0.9562586162581489,0.9958875622123046,21,0.5840470973017914,0.9206444438529812
Human_M1_10xV3-D1,42797,severo,20,30,0.5,40,54.118064605,0.9650910110521765,0.9966119120499101,23,0.5722130699882585,0.9200530334790123
Human_M1_10xV3-D1,42797,severo,20,30,0.8,40,55.988665793,0.9673808911839615,0.9966586442974975,28,0.5043748794111214,0.9109447506965519
Human_M1_10xV3-D1,42797,severo,50,10,0.05,100,45.234899743,0.8766035002453443,0.9984344697058205,16,0.8445881662184568,0.9606244265605645
Human_M1_10xV3-D1,42797,severo,50,10,0.08,100,45.898727887,0.9587821576278711,0.998060611725121,19,0.8403186625093902,0.963293548119647
Human_M1_10xV3-D1,42797,severo,50,10,0.1,100,44.656684302,0.8986143888590322,0.9969624039068159,19,0.6871949010058428,0.9329762984230566
Human_M1_10xV3-D1,42797,severo,50,10,0.2,100,47.679941078,0.9571698950861042,0.998901792181695,23,0.6124528827747231,0.9247248179200973
Human_M1_10xV3-D1,42797,severo,50,10,0.3,100,45.473089013,0.9658620931373695,0.9984578358296142,28,0.5493203841439978,0.9168234580018647
Human_M1_10xV3-D1,42797,severo,50,10,0.5,100,45.747860579,0.9682921700119167,0.9985980325723766,32,0.4813589790051228,0.9078721152454702
Human_M1_10xV3-D1,42797,severo,50,10,0.8,100,44.745003848,0.973175689884805,0.9980839778489147,41,0.40817739333927927,0.8991015656606762
Human_M1_10xV3-D1,42797,severo,50,20,0.05,100,50.244496812,0.7926723835782882,0.9970558684019908,14,0.7091521242605531,0.9218661346141239
Human_M1_10xV3-D1,42797,severo,50,20,0.08,100,49.969149921,0.9573801902002477,0.9977101198682151,18,0.8438203562157592,0.9637889551519216
Human_M1_10xV3-D1,42797,severo,50,20,0.1,100,50.394341216,0.9136154403346028,0.9971493328971657,18,0.721393165967907,0.9400592117538272
Human_M1_10xV3-D1,42797,severo,50,20,0.2,100,50.827785194,0.9727317335327242,0.9979671472299461,21,0.7215768968956383,0.9431163564192216
Human_M1_10xV3-D1,42797,severo,50,20,0.3,100,51.342651587,0.9726850012851368,0.9979437811061523,26,0.5788964258087999,0.921056644421996
Human_M1_10xV3-D1,42797,severo,50,20,0.5,100,51.015265966,0.9590625511133958,0.997546557001659,28,0.5147234427408625,0.9114021754929206
Human_M1_10xV3-D1,42797,severo,50,20,0.8,100,50.454762769,0.9738299413510293,0.9985513003247891,36,0.46194032283423414,0.9057377664894243
Human_M1_10xV3-D1,42797,severo,50,30,0.05,100,56.411388627,0.817393742552048,0.9934107530901699,14,0.7116928930058143,0.9229197646554577
Human_M1_10xV3-D1,42797,severo,50,30,0.08,100,58.718731671,0.9629646937869477,0.9980138794775335,18,0.8595101901575448,0.9682571273780881
Human_M1_10xV3-D1,42797,severo,50,30,0.1,100,57.083452794,0.9142229595532397,0.9962614201930042,18,0.7129227105135031,0.9381989645118461
Human_M1_10xV3-D1,42797,severo,50,30,0.2,100,57.404674708,0.9731289576372175,0.9979905133537398,22,0.7219868154371581,0.9432388882500945
Human_M1_10xV3-D1,42797,severo,50,30,0.3,100,58.758329049,0.9731523237610112,0.9980138794775335,23,0.6396600885836862,0.9300929495406624
Human_M1_10xV3-D1,42797,severo,50,30,0.5,100,57.081731804,0.9748346846741595,0.9980372456013272,28,0.5381322788719121,0.9155478486925136
Human_M1_10xV3-D1,42797,severo,50,30,0.8,100,94.004074768,0.972755099656518,0.9980839778489147,35,0.46521800354073256,0.9060583316247351
Human_M1_10xV3-D1,42797,severo32,10,10,0.05,20,74.871630746,0.950674112671449,0.9989485244292824,15,0.9252530555268056,0.9819062883991664
Human_M1_10xV3-D1,42797,severo32,10,10,0.08,20,38.176633754,0.9393415426314928,0.9990186228006636,16,0.7740943601277641,0.9508342532820947
Human_M1_10xV3-D1,42797,severo32,10,10,0.1,20,38.282617579,0.948804822767951,0.9984344697058205,15,0.7984071124656468,0.9557345983365613
Human_M1_10xV3-D1,42797,severo32,10,10,0.2,20,39.066178012,0.957099796714723,0.9964016169357666,21,0.6269604049452245,0.9273937603949521
Human_M1_10xV3-D1,42797,severo32,10,10,0.3,20,38.530667291,0.9616094586069117,0.9982942729630582,26,0.5925177696918078,0.9226097709494602
Human_M1_10xV3-D1,42797,severo32,10,10,0.5,20,38.274760174,0.9641096338528401,0.9985045680772017,30,0.5299576965507767,0.9139448821509268
Human_M1_10xV3-D1,42797,severo32,10,10,0.8,20,40.156224861,0.9568661354767858,0.9989485244292824,37,0.43257743012145067,0.9017293755459871
Human_M1_10xV3-D1,42797,severo32,10,20,0.05,20,46.001435893,0.871719980372456,0.9989251583054887,12,0.868854210136104,0.9665069066464038
Human_M1_10xV3-D1,42797,severo32,10,20,0.08,20,45.890421495,0.9491553146248569,0.999065355048251,14,0.9194435343725826,0.9805169234780717
Human_M1_10xV3-D1,42797,severo32,10,20,0.1,20,47.074409578,0.952029347851485,0.9990186228006636,15,0.8029426588955392,0.9567669064350408
Human_M1_10xV3-D1,42797,severo32,10,20,0.2,20,46.463225877,0.941865084001215,0.9990419889244573,16,0.7758401177738078,0.9512282855378241
Human_M1_10xV3-D1,42797,severo32,10,20,0.3,20,45.766353847,0.9575671191905974,0.9954669719840176,19,0.6343712514174659,0.9283159983040549
Human_M1_10xV3-D1,42797,severo32,10,20,0.5,20,46.919950499,0.9597401687034138,0.997289529639928,24,0.5656746714103893,0.9186927435374547
Human_M1_10xV3-D1,42797,severo32,10,20,0.8,20,45.322460014,0.9601607589317008,0.9972194312685468,29,0.5055145384929606,0.9108357342649778
Human_M1_10xV3-D1,42797,severo32,10,30,0.05,20,53.014088059,0.8668598266233615,0.9973128957637217,12,0.854500109369407,0.962877395685878
Human_M1_10xV3-D1,42797,severo32,10,30,0.08,20,50.480141701,0.9497861999672874,0.9971960651447531,13,0.9262902295779484,0.9821927194255106
Human_M1_10xV3-D1,42797,severo32,10,30,0.1,20,51.011577192,0.9375657172231698,0.997289529639928,13,0.7995846649758704,0.9558812825146661
Human_M1_10xV3-D1,42797,severo32,10,30,0.2,20,50.462243774,0.9510246045283548,0.9971026006495782,14,0.810876113760925,0.9583690365222474
Human_M1_10xV3-D1,42797,severo32,10,30,0.3,20,51.260023116,0.954225763488095,0.9971960651447531,18,0.6383588461484545,0.9286327076685873
Human_M1_10xV3-D1,42797,severo32,10,30,0.5,20,51.717872223,0.9429632918195201,0.9971960651447531,22,0.5445843223292247,0.9149206727959438
Human_M1_10xV3-D1,42797,severo32,10,30,0.8,20,51.477794575,0.9460709862840854,0.9956539009743673,24,0.5448621864006914,0.9155219568259245
Human_M1_10xV3-D1,42797,severo32,20,10,0.05,40,42.114964099,0.9460008879127042,0.9980372456013272,15,0.8970910607054792,0.9751125906360837
Human_M1_10xV3-D1,42797,severo32,20,10,0.08,40,40.42517968,0.8915811855971213,0.9982475407154707,17,0.7000406792777095,0.9352311435648519
Human_M1_10xV3-D1,42797,severo32,20,10,0.1,40,38.9001967,0.961165502254831,0.9973128957637217,18,0.7244833935466269,0.9429988313028825
Human_M1_10xV3-D1,42797,severo32,20,10,0.2,40,38.893957179,0.9556277309157184,0.997546557001659,24,0.6152107668389004,0.9253605909515689
Human_M1_10xV3-D1,42797,severo32,20,10,0.3,40,40.010582521,0.9613524312451808,0.9963315185643854,27,0.5569782690498021,0.917342244261657
Human_M1_10xV3-D1,42797,severo32,20,10,0.5,40,38.62083135,0.9685725634974414,0.9978503166109775,33,0.5378629596499468,0.915580328456329
Human_M1_10xV3-D1,42797,severo32,20,10,0.8,40,39.849830295,0.9690866182209034,0.9983410052106456,38,0.4621348783941242,0.9054197740519198
Human_M1_10xV3-D1,42797,severo32,20,20,0.05,40,45.068877909,0.8615790826459798,0.9978503166109775,14,0.8385692385121801,0.9590101187458812
Human_M1_10xV3-D1,42797,severo32,20,20,0.08,40,44.34432131,0.8895249667032736,0.9952800429936678,16,0.7010989105471663,0.9354677553246366
Human_M1_10xV3-D1,42797,severo32,20,20,0.1,40,44.769344289,0.8869780592097577,0.9962614201930042,16,0.6999243786810451,0.9352579668878199
Human_M1_10xV3-D1,42797,severo32,20,20,0.2,40,45.087715046,0.9594831413416828,0.9918919550435779,18,0.7282945827670051,0.9438620980862092
Human_M1_10xV3-D1,42797,severo32,20,20,0.3,40,43.889994679,0.9707923452578452,0.9964717153071477,22,0.6400297309456843,0.9299231656811512
Human_M1_10xV3-D1,42797,severo32,20,20,0.5,40,44.608169567,0.9645302240811272,0.9964950814309415,24,0.5737193597760936,0.9200201627874318
Human_M1_10xV3-D1,42797,severo32,20,20,0.8,40,43.947088805,0.9650910110521765,0.9978269504871837,31,0.48952158612975877,0.9090782682659148
Human_M1_10xV3-D1,42797,severo32,20,30,0.05,40,50.359232395,0.8023693249526836,0.9941351029277753,13,0.6952754707997602,0.9184931410620712
Human_M1_10xV3-D1,42797,severo32,20,30,0.08,40,49.018658703,0.8837068018786364,0.9942519335467439,15,0.6890195034973906,0.9329660676905664
Human_M1_10xV3-D1,42797,severo32,20,30,0.1,40,49.821028802,0.88492184031591,0.9967287426688787,16,0.688229962295887,0.932824607530418
Human_M1_10xV3-D1,42797,severo32,20,30,0.2,40,51.200955049,0.9550669439446691,0.9967521087926724,18,0.7106649010245423,0.9404125023477778
Human_M1_10xV3-D1,42797,severo32,20,30,0.3,40,50.950105358,0.960394420169638,0.9938780755660443,19,0.6303595557504764,0.9280118270194084
Human_M1_10xV3-D1,42797,severo32,20,30,0.5,40,50.800458058,0.963525480757997,0.9967521087926724,23,0.5692074579724659,0.9194782746622792
Human_M1_10xV3-D1,42797,severo32,20,30,0.8,40,50.223542311,0.9638292403673154,0.9966119120499101,28,0.48722937178213177,0.9087128927625322
Human_M1_10xV3-D1,42797,severo32,50,10,0.05,100,40.013371071,0.8260859406033133,0.9979204149823586,16,0.7186929532362141,0.9253182309798796
Human_M1_10xV3-D1,42797,severo32,50,10,0.08,100,41.230685054,0.959973829941351,0.9974530925064841,18,0.8516399376094901,0.9661368902407816
Human_M1_10xV3-D1,42797,severo32,50,10,0.1,100,41.892069575,0.9161857139519125,0.9980839778489147,20,0.7135539498507213,0.9385586158718074
Human_M1_10xV3-D1,42797,severo32,50,10,0.2,100,42.234910071,0.9679416781550109,0.9979905133537398,25,0.6254459777112864,0.9277951667713461
Human_M1_10xV3-D1,42797,severo32,50,10,0.3,100,42.353404277,0.9665864429749749,0.9983176390868519,27,0.5462898459109431,0.916536792200466
Human_M1_10xV3-D1,42797,severo32,50,10,0.5,100,41.581117856,0.9691333504684908,0.9982709068392644,33,0.47904838227790675,0.9075014218141095
Human_M1_10xV3-D1,42797,severo32,50,10,0.8,100,40.661886175,0.9674977218029301,0.9985279342009954,42,0.4015430420707051,0.8982480578757768
Human_M1_10xV3-D1,42797,severo32,50,20,0.05,100,46.405271838,0.797509171203589,0.9975699231254527,15,0.7094717735728164,0.9219372179487569
Human_M1_10xV3-D1,42797,severo32,50,20,0.08,100,46.939694271,0.9556510970395121,0.99780358436339,18,0.839118315248663,0.9627944556650055
Human_M1_10xV3-D1,42797,severo32,50,20,0.1,100,45.657957054,0.9513750963852606,0.9985513003247891,18,0.835130802950751,0.9618276312431155
Human_M1_10xV3-D1,42797,severo32,50,20,0.2,100,47.397413157,0.9712363016099259,0.9978736827347712,22,0.7211449075151141,0.943058987223701
Human_M1_10xV3-D1,42797,severo32,50,20,0.3,100,46.84032003,0.9730121270182489,0.9979204149823586,25,0.6203464168264345,0.9271907203759804
Human_M1_10xV3-D1,42797,severo32,50,20,0.5,100,45.494865858,0.9691567165922845,0.9976867537444213,31,0.5202176350939852,0.9129832642753613
Human_M1_10xV3-D1,42797,severo32,50,20,0.8,100,47.154506422,0.9715400612192443,0.9968923055354347,36,0.4623737136930296,0.9057378658593311
Human_M1_10xV3-D1,42797,severo32,50,30,0.05,100,53.474448599,0.8260158422319321,0.9970792345257845,16,0.7189411751307903,0.9254332205256304
Human_M1_10xV3-D1,42797,severo32,50,30,0.08,100,51.760278176,0.9457672266747669,0.997125966773372,17,0.8331728542050892,0.9610374013412706
Human_M1_10xV3-D1,42797,severo32,50,30,0.1,100,53.538497345,0.9152510690001635,0.9971960651447531,18,0.7145238261452409,0.9387053699364402
Human_M1_10xV3-D1,42797,severo32,50,30,0.2,100,52.008819758,0.9724279739234059,0.9971026006495782,21,0.721154293363605,0.9430041230234127
Human_M1_10xV3-D1,42797,severo32,50,30,0.3,100,51.726232831,0.9714232306002757,0.9979204149823586,24,0.6131301075366425,0.9260788999724239
Human_M1_10xV3-D1,42797,severo32,50,30,0.5,100,52.952814228,0.9737364768558544,0.9980138794775335,28,0.5314404433180118,0.9145851868869384
Human_M1_10xV3-D1,42797,severo32,50,30,0.8,100,51.696597388,0.974694487931397,0.9980372456013272,35,0.46845179538155785,0.9066079684186624
